DPST1051	M12A	TUT	19	19	Mon 12-13	Block 123
COMP9511	H18A	LAB	19	19	Thu 19-20	CHIK17G13
COMP9444	T16A	TUT	3	24	Tue 16-17	Webst 252
COMP3511	W16A	TUT	19	19	Wed 16-17	CHIK17G13
COMP1911	M14C	TUT	25	25	Mon 14-15	Ainswth101
COMP1911	M14B	TUT	25	25	Mon 14-15	Online
DPHU1007	F15A	TUT	7	18	Fri 15:30-18	Block 105
COMP9311	M18A	TLB	20	20	Mon 18-20	Online
DPST1021	W12A	TUT	5	18	Fri 09-10	Block 105
DPST1032	H09A	TUT	6	18	Thu 09:30-11	Block 215
DPBS1190	M16A	TUT	14	18	Fri 09-10:30	Block 117
COMP6445	H18A	LAB	0	20	Thu 18-20	CybSK17G11
COMP9331	F10B	LAB	8	20	Fri 10-12	ClavierPhU
COMP1531	H11B	TUT	24	24	Thu 11-12	Webst 252
COMP2521	T18B	TUT	17	22	Tue 18-19	Quad G054
DPST1021	T16A	TUT	14	18	Fri 17-18	Block 114
COMP9313	H14C	LAB	14	30	Thu 14-16	H13-E 2061
COMP2511	H17A	TUT	25	25	Thu 17-18	Quad G045
COMP9044	W09A	LAB	3	30	Wed 10-12	StringsME3
COMP9417	H16A	TUT	14	25	Thu 16-17	Online
COMP9331	M12B	LAB	6	20	Mon 12-14	ClavierPhU
COMP1511	F09B	TUT	24	24	Fri 09-10	Quad 1001
DPHU1002	W14A	SEM	42	48	Wed 14-15	OMB 230
DPST1023	M11B	LAB	0	5	Mon 11-13	Online
COMP9313	H16C	LAB	8	30	Thu 16-18	Online
COMP9101	T12B	TUT	4	30	Tue 12-13	Block G13
DPBS1190	W15A	TUT	18	18	Thu 16-17:30	Block 117
COMP1521	W13B	LAB	24	24	Wed 14-16	BongoK17G7
DPST1013	W09C	TUT	13	19	Thu 13-14:30	Block 122
COMP9331	T18B	LAB	11	20	Tue 18-20	Online
COMP1531	T15A	TUT	21	24	Tue 15-16	Webst 252
DPBS1190	M09A	TUT	17	18	Thu 11:30-13	Block 111
DPGE1002	F09A	TUT	20	19	Fri 09-11	Block 115
COMP2041	M15A	LAB	20	30	Mon 16-18	StringsME3
COMP2511	W13A	TUT	25	25	Wed 13-14	OMB151
COMP2511	T09A	LAB	25	25	Tue 10-12	SitarME306
COMP9154	T13A	TUT	7	20	Tue 13-14	Quad G048
COMP2511	H09B	TUT	25	25	Thu 09-10	Quad 1047
DPST1023	H12A	TUT	1	18	Thu 12-13	Block 213
COMP9444	H15A	TUT	7	24	Thu 15-16	Gold G07
COMP1511	T18B	LAB	21	24	Tue 19-21	Online
COMP2521	T12B	LAB	22	22	Tue 13-15	SitarME306
COMP3900	W14B	LAB	20	20	Wed 14-16	ClavierPhU
COMP1521	H18B	LAB	24	24	Thu 19-21	Online
COMP9312	W10A	TUT	8	24	Wed 10:30-12	Lib 176A
DPST1014	T09A	TUT	16	18	Tue 09:30-11	Block 209
COMP9313	H14B	LAB	10	30	Thu 14-16	H13-E 2062
COMP3511	T12A	LAB	18	19	Tue 13-14	CHIK17G13
COMP2511	F14A	TUT	25	25	Fri 14-15	Gold G02
COMP2041	T15B	LAB	30	30	Tue 16-18	StringsME3
DPST1021	H12A	TUT	4	18	Thu 12-13	Block 213
COMP1521	T17B	LAB	19	24	Tue 18-20	Online
DPGE1003	W14A	TUT	19	19	Wed 14:30-16:30	Block 117
COMP1531	H11B	LAB	24	24	Thu 12-14	FluteME303
DPST1014	T17A	TUT	9	19	Fri 16:30-18	Block 214
COMP1521	M12D	LAB	24	24	Mon 13-15	BrassME305
DPST1021	T11A	TUT	16	18	Fri 12-13	Block 105
COMP6452	T14A	TUT	12	25	Tue 14-16	Ainswth101
COMP2041	W09A	TUT	27	30	Wed 09-10	Quad 1047
DPBS1110	T10B	TUT	16	18	Fri 14-15:30	Block 111
DPST1021	H12A	TUT	4	18	Fri 10-11	Block 212
DPST1021	W16B	TUT	14	18	Wed 16-17	Block 219
COMP9417	T17A	TUT	5	25	Tue 17-18	H13-W M010
DPHU1003	W15A	TUT	6	18	Wed 15-18	Block 210
COMP3511	W12A	TUT	16	19	Wed 12-13	CHIK17G13
COMP1511	F15A	TUT	24	24	Fri 15-16	Quad 1047
DPST1023	M13B	LAB	1	5	Mon 13-15	Online
COMP9414	F16B	TUT	25	25	Fri 16-18	Online
COMP9313	T16B	LAB	21	30	Tue 16-18	Ainswth102
COMP9331	T16B	LAB	9	20	Tue 16-18	ClavierPhU
COMP9044	T15A	LAB	3	30	Tue 16-18	BrassME305
COMP3511	T16B	LAB	19	19	Tue 17-18	CHIK17G13
COMP1511	H13A	TUT	24	24	Thu 13-14	Ainswth101
COMP9331	T14A	LAB	6	20	Tue 14-16	OrganPhysU
DPGE1001	M16A	TUT	17	18	Tue 10-12	Block 123
DPBS1150	W12A	TUT	16	19	Fri 11-12:30	Block 212
DPBS1110	T09A	TUT	19	19	Wed 09-10:30	Block 213
DPGE1002	F15A	TUT	18	18	Fri 15:30-17:30	Block 209
DPBS1150	T14A	TUT	15	19	Tue 14:30-16	Block 118
COMP2521	H11A	LAB	21	22	Thu 12-14	BongoK17G7
COMP1531	T11A	TUT	24	24	Tue 11-12	Quad G052
COMP6845	W19A	LAB	0	20	Wed 19-21	Online
COMP1521	T15B	LAB	24	24	Tue 16-18	TablaK17G7
COMP2521	H09B	LAB	21	22	Thu 10-12	TablaK17G7
COMP1531	T09A	TUT	24	24	Tue 09-10	Quad G054
COMP9414	W16A	TUT	25	25	Wed 16-18	Online
DPGE1001	T13A	TUT	19	19	Wed 09-11	Block 115
COMP2521	W15D	TUT	22	22	Wed 15-16	Quad G042
DPHU1005	W09B	TUT	6	18	Wed 09-12	Block 105
DPDE1010	M13A	SEM	0	16	Mon 13-14	Block 123
DPGE1001	M10B	TUT	19	19	Tue 11:30-13:30	Block 116
DPST1032	F09A	TUT	10	18	Fri 09:30-11	Block 211
COMP9044	W15B	LAB	8	30	Wed 16-18	Online
COMP9044	T15A	TUT	3	30	Tue 15-16	Quad G026
COMP6452	T14A	TUT	17	25	Tue 14-16	Ainswth101
DPGE1001	M09A	TUT	20	19	Wed 09-11	Block 218
DPDE1008	M15A	SEM	2	16	Mon 15-16	Block 125
COMP1521	T13B	LAB	24	24	Tue 14-16	TablaK17G7
COMP3900	H18A	LAB	15	20	Thu 18-20	OrganPhysU
DPST1021	W12A	TUT	5	18	Wed 12-13	Block 110
DPST1021	M13B	LAB	9	15	Mon 13-15	Online
COMP2521	T16A	LAB	22	22	Tue 17-19	KoraME307
DPST1091	T11A	TUT	18	18	Tue 11-12	Block 213
COMP9417	H14A	TUT	8	25	Thu 14-15	Online
ENGG1811	W14B	LAB	23	24	Wed 14-16	Online
DPST1032	W14A	LAB	12	17	Wed 14-17	Griff 162
DPHU1001	T11A	TUT	13	19	Tue 11:30-14	Block 117
COMP9311	T10A	TLB	18	20	Tue 10-12	Online
COMP2521	H11C	LAB	21	21	Thu 12-14	ClavierPhU
COMP9444	T18A	TUT	21	24	Tue 18-19	Online
COMP9417	W15A	TUT	16	25	Wed 15-16	Quad G026
COMP2041	F13B	LAB	24	30	Fri 14-16	StringsME3
COMP3900	W11A	LAB	20	20	Wed 11-13	OrganPhysU
COMP3151	T14A	TUT	17	20	Tue 14-15	Quad G054
DPST1031	H09A	TUT	16	18	Thu 09:30-11	Block 214
COMP3900	W18C	LAB	19	20	Wed 18-20	Online
COMP9444	W13B	TUT	11	24	Wed 13-14	Gold G05
DPBS1120	M10A	TUT	19	19	Mon 10-13	Block 122
COMP9044	F09B	TUT	6	30	Fri 09-10	Quad 1048
COMP2521	H13B	LAB	22	22	Thu 14-16	TablaK17G7
DPBS1170	W16A	TUT	11	18	Thu 15-16:30	Block 206
COMP2511	F14A	LAB	25	25	Fri 15-17	Oboe ME304
DPBS1150	W09A	TUT	15	18	Wed 09-10:30	Block 113
ENGG1811	F16A	LAB	0	24	Fri 16-18	StringsME3
COMP2041	W15B	TUT	22	30	Wed 15-16	Online
COMP3511	W16A	LAB	19	19	Wed 17-18	CHIK17G13
COMP1511	H18A	TUT	19	24	Thu 18-19	Online
COMP9900	F18A	LAB	14	20	Fri 18-20	Online
COMP1511	H13A	LAB	24	24	Thu 14-16	KoraME307
COMP9312	H16A	TUT	17	24	Thu 16-17:30	Quad G054
COMP2511	W18A	LAB	25	25	Wed 19-21	TablaK17G7
COMP1531	T17B	TUT	23	24	Tue 17-18	H13-W 3037
COMP1531	W12D	LAB	21	24	Wed 13-15	Online
COMP2041	W09B	TUT	26	30	Wed 09-10	Gold G03
COMP2511	H13B	TUT	25	25	Thu 13-14	Quad 1047
COMP9311	W19A	TLB	20	20	Wed 19-21	Online
COMP9313	H11B	LAB	10	30	Thu 11-13	H13-E 2060
COMP9312	W16A	TUT	11	24	Wed 16-17:30	Quad G054
COMP9044	W09A	TUT	3	30	Wed 09-10	Quad 1047
DPBS1180	W16B	TUT	17	18	Thu 09-10:30	Block 110
DPBS1110	M10A	TUT	13	18	Fri 11-12:30	Block 215
COMP9101	W11A	TUT	2	30	Wed 11-12	Mat 106
COMP2041	M15A	TUT	20	30	Mon 15-16	Quad G032
COMP9444	T18B	TUT	16	24	Tue 18-19	Gold G05
COMP2521	W17C	LAB	22	22	Wed 18-20	SitarME306
COMP9312	H17A	TUT	5	24	Thu 17:30-19	Quad G054
COMP9900	W18C	LAB	15	20	Wed 18-20	Online
COMP1521	M14A	TUT	24	24	Mon 14-15	Quad 1047
COMP1511	W18B	LAB	20	24	Wed 19-21	Online
COMP1521	M14B	LAB	24	24	Mon 15-17	SitarME306
COMP1511	W11B	LAB	24	24	Wed 12-14	SitarME306
COMP2521	W15D	LAB	22	22	Wed 16-18	SitarME306
COMP9044	M18A	TUT	10	30	Mon 18-19	Online
COMP2511	H17C	TUT	25	25	Thu 17-18	Ainswth101
COMP1511	W17B	TUT	20	24	Wed 17-18	Quad 1046
DPST1024	M16A	LAB	0	5	Mon 16-18	OMB 112
DPGE1001	M09A	TUT	20	19	Thu 11-13	Block 217
COMP1511	T18A	TUT	21	24	Tue 18-19	Online
COMP9444	W14B	TUT	8	24	Wed 14-15	Webst 302
COMP9444	T17A	TUT	14	24	Tue 17-18	Webst 252
DPST1024	W13A	TUT	0	13	Wed 13-14	Block 215
COMP1521	M14C	LAB	24	24	Mon 15-17	FluteME303
COMP1531	T17B	LAB	23	24	Tue 18-20	Oboe ME304
DPST1023	T16A	TUT	2	18	Tue 16-17	Block 216
COMP9101	H15A	TUT	5	30	Thu 15-16	H13-E 1040
DPHU1007	F11A	TUT	11	18	Fri 11:30-14	Block 110
COMP1521	F12B	LAB	24	24	Fri 13-15	FluteME303
COMP1511	H13B	LAB	24	24	Thu 14-16	SitarME306
COMP6733	W09A	LAB	6	20	Wed 09-13	LyreK17G12
COMP9511	F12A	TUT	16	19	Fri 12-13	CHIK17G13
DPST1051	M14A	LAB	41	49	Mon 14-17	TchLab 12
DPST1014	F14A	TUT	0	20	Fri 16:30-18	Block 124
COMP9044	H17A	LAB	7	30	Thu 18-20	BrassME305
DPBS1170	M14A	TUT	19	19	Thu 14-15:30	Block 212
COMP9444	T14A	TUT	9	24	Tue 14-15	Webst 252
COMP9414	F14A	TUT	24	25	Fri 14-16	H13-W 3037
COMP3121	F10A	TUT	11	35	Fri 10-11	Mat 226
DPBS1180	W16B	TUT	17	18	Wed 16:30-18	Block 111
DPGE1002	F16A	TUT	15	18	Fri 16-18	Block 203
DPBS1120	T14A	TUT	19	19	Tue 14:30-17:30	Block 107
COMP3153	T15A	TUT	16	20	Tue 15-17	Quad 1042
DPGE1003	W15A	TUT	15	18	Wed 15:30-17:30	Block 217
COMP9044	W17A	TUT	11	30	Wed 17-18	AinswthG01
COMP9444	W14A	TUT	8	24	Wed 14-15	Webst 252
COMP2521	H09B	TUT	21	22	Thu 09-10	Gold G05
COMP1511	F13A	TUT	24	24	Fri 13-14	Quad 1047
COMP1531	H09B	LAB	24	24	Thu 10-12	FluteME303
COMP9511	F10A	LAB	17	19	Fri 11-12	CHIK17G13
DPST1023	W16B	TUT	1	18	Wed 16-17	Block 219
COMP2521	F14A	LAB	22	22	Fri 15-17	BongoK17G7
COMP2041	W15B	LAB	22	30	Wed 16-18	Online
COMP6452	T11A	TUT	14	25	Tue 11-13	Quad 1045
COMP3900	W14A	LAB	20	20	Wed 14-16	OrganPhysU
COMP2041	T13A	LAB	29	30	Tue 14-16	BrassME305
DPST1072	M16B	TUT	0	18	Mon 16-17:30	Block 203
COMP9414	T18A	TUT	26	25	Tue 18-20	Quad 1001
COMP1511	T16A	TUT	22	24	Tue 16-17	Gold G05
DPBS1150	W09A	TUT	15	18	Fri 10-11:30	Block 105
COMP2521	T16B	TUT	22	22	Tue 16-17	Quad G054
COMP9444	W18B	TUT	21	24	Wed 18-19	ElecEngG03
COMP2041	T11B	LAB	28	30	Tue 12-14	StringsME3
COMP2511	H15A	LAB	24	25	Thu 16-18	Oboe ME304
DPST1021	M11B	LAB	11	14	Mon 11-13	Online
DPST1023	T11A	TUT	1	18	Fri 12-13	Block 105
DPBS1110	M15A	TUT	20	20	Mon 15-16:30	Block 122
COMP1911	M14A	LAB	0	25	Mon 15-17	Online
COMP9044	M18B	TUT	17	30	Mon 18-19	Online
DPGE1002	F15C	TUT	17	18	Fri 15:30-17:30	Block 202
DPGE1003	F09A	TUT	16	18	Fri 09-11	Block 206
COMP2041	T11B	TUT	28	30	Tue 11-12	Quad 1048
DPBS1150	T11A	TUT	20	19	Tue 11:30-13	Block 215
DPDE1010	M14A	TUT	0	16	Mon 14:30-18	Block 215
DPHU1003	M13A	TUT	9	18	Mon 13:30-16:30	Block 206
COMP1531	H13A	TUT	24	24	Thu 13-14	Quad 1045
COMP1521	W13B	TUT	24	24	Wed 13-14	Quad G054
COMP1511	F15A	LAB	24	24	Fri 16-18	KoraME307
DPDE1007	M14A	TUT	8	16	Mon 14-17:30	Block 123
DPHU1006	T12A	TUT	14	18	Tue 12-14:30	Block 105
DPGE1001	M11B	TUT	0	18	Tue 15:30-17:30	Block 218
COMP9511	H18A	TUT	19	19	Thu 18-19	CHIK17G13
DPHU1005	M12A	SEM	50	70	Mon 12-13	Griff M11
COMP1531	W18A	LAB	21	24	Wed 19-21	Oboe ME304
COMP1511	W16A	LAB	24	24	Wed 17-19	StringsME3
COMP2521	W15C	LAB	22	22	Wed 16-18	KoraME307
DPST1021	M13A	LAB	30	42	Mon 13-15	OMB 112
DPBS1180	H10A	TUT	19	19	Fri 12-13:30	Block 213
COMP3331	T14B	LAB	7	20	Tue 14-16	ClavierPhU
COMP2521	W17C	TUT	22	22	Wed 17-18	Ainswth101
COMP3511	H10A	LAB	18	19	Thu 11-12	CHIK17G13
DPBS1190	W15A	TUT	18	18	Wed 15-16:30	Block 214
COMP1511	W11A	LAB	24	24	Wed 12-14	KoraME307
DPBS1170	W14A	TUT	7	18	Wed 14:30-16	Block 202
DPST1061	T13A	LAB	14	15	Tue 13-14	DemoMSE
DPST1013	T10A	TUT	16	18	Fri 15:30-17	Block 111
COMP2511	W18B	TUT	25	25	Wed 18-19	Online
COMP6845	W19A	LAB	0	20	Wed 19-21	Online
DPST1051	T13A	TUT	13	18	Tue 13-14	Block 123
COMP2521	W11C	TUT	22	22	Wed 11-12	Ainswth101
COMP9444	H14A	TUT	19	24	Thu 14-15	Gold G05
DPBS1190	M09A	TUT	17	18	Mon 09-10:30	Block 113
DPST1021	T09A	TUT	0	18	Fri 15:30-16:30	Block 114
DPBS1140	M11A	TUT	17	18	Wed 14-15:30	Block 218
COMP1521	M16A	LAB	24	24	Mon 17-19	KoraME307
DPGE1003	T09A	TUT	14	18	Tue 09-11	Block 113
DPBS1100	T10A	TUT	20	19	Tue 10-11:30	Block 117
COMP1531	W13A	TUT	24	24	Wed 13-14	Webst 250
DPST1023	T16B	TUT	1	18	Thu 12-13	Block 212
COMP9444	W15A	TUT	14	24	Wed 15-16	Webst 252
DPGE1001	T13A	TUT	19	19	Tue 13-15	Block 115
COMP9444	W13A	TUT	8	24	Wed 13-14	Webst 252
DPGE1003	T15A	TUT	18	18	Tue 15:30-17:30	Block 219
COMP3121	T12B	TUT	28	30	Tue 12-13	Block G13
DPST1092	H10B	LAB	8	12	Thu 10-12	Online
COMP3511	H12A	TUT	19	19	Thu 12-13	CHIK17G13
COMP9312	H16A	TUT	7	24	Thu 16-17:30	Quad G054
COMP3331	T12A	LAB	15	20	Tue 12-14	OrganPhysU
DPBS1170	W13B	TUT	18	18	Thu 16:30-18	Block 206
COMP9444	M18A	TUT	14	24	Mon 18-19	Gold G05
COMP9331	T18A	LAB	4	20	Tue 18-20	ClavierPhU
DPGE1001	W14A	TUT	19	19	Wed 14-16	Block 114
DPBS1140	H09A	TUT	20	19	Fri 15:30-17	Block 218
DPGE1001	M10A	TUT	19	19	Wed 14-16	Block 115
COMP1521	W13A	TUT	24	24	Wed 13-14	Ainswth201
COMP3331	M12A	LAB	9	20	Mon 12-14	OrganPhysU
COMP3511	H16A	LAB	11	19	Thu 17-18	Online
COMP9444	H13A	TUT	9	24	Thu 13-14	Gold G05
COMP1531	H11A	LAB	24	24	Thu 12-14	Oboe ME304
COMP2511	H15A	TUT	24	25	Thu 15-16	Quad G052
COMP6452	T09A	TUT	15	29	Tue 09-11	Quad 1045
COMP3151	T17A	TUT	12	20	Tue 17-18	Online
DPBS1150	W12A	TUT	16	19	Wed 12-13:30	Block 210
COMP9044	T18A	TUT	7	30	Tue 18-19	Online
COMP1521	M12B	LAB	24	24	Mon 13-15	SitarME306
DPST1092	W15A	LAB	19	20	Wed 15-17	SEB B25
COMP9044	T13B	LAB	4	30	Tue 14-16	StringsME3
DPST1031	T14A	LAB	21	25	Tue 14-17	Griff 165
COMP9414	F09A	TUT	20	25	Fri 09-11	H13-W 4034
DPBS1190	H16A	TUT	19	19	Thu 16-17:30	Block 216
COMP9444	W18B	TUT	2	24	Wed 18-19	ElecEngG03
COMP9444	H14A	TUT	4	24	Thu 14-15	Gold G05
DPBS1190	M16A	TUT	14	18	Mon 16:30-18	Block 118
DPGE1001	M09B	TUT	19	19	Tue 13-15	Block 218
DPBS1190	T14A	TUT	18	19	Tue 14-15:30	Block 211
COMP1511	F09H	LAB	22	24	Fri 10-12	Oboe ME304
COMP3331	T18B	LAB	9	20	Tue 18-20	Online
COMP9311	H19B	TLB	20	20	Thu 19-21	SitarME306
COMP9444	T13A	TUT	16	24	Tue 13-14	Webst 256
DPGE1003	T15B	TUT	18	18	Tue 15-17	Block 206
DPST1032	H09A	TUT	6	18	Fri 15-16:30	Block 124
COMP1511	W09A	TUT	24	24	Wed 09-10	Gold G02
DPBS1120	M09A	TUT	12	18	Mon 09-12	Block 207
COMP1521	T13A	LAB	24	24	Tue 14-16	BongoK17G7
COMP1511	H13B	TUT	24	24	Thu 13-14	Gold G02
COMP9444	W18A	TUT	21	24	Wed 18-19	Online
DPST1013	W09B	TUT	14	18	Wed 09-10:30	Block 110
DPST1023	T16A	TUT	2	18	Fri 17-18	Block 114
COMP9417	W15A	TUT	8	25	Wed 15-16	Quad G026
DPST1013	T13A	TUT	18	18	Tue 13-14:30	Block 111
COMP9044	T09B	TUT	4	30	Tue 09-10	Quad 1048
DPBS1100	T13B	TUT	19	19	Fri 11-12:30	Block 122
DPBS1180	H10B	TUT	19	18	Thu 10:30-12	Block 213
COMP9313	T16A	LAB	17	30	Tue 16-18	Ainswth202
DPBS1110	T10B	TUT	16	18	Tue 10:30-12	Block 214
DPST1071	H15A	LAB	43	47	Thu 15-17	ElecEng201
COMP9444	W13B	TUT	13	24	Wed 13-14	Gold G05
DPST1032	W14B	LAB	4	8	Wed 14-17	Online
DPST1023	W16B	TUT	1	18	Fri 16-17	Block 207
COMP3121	T16B	TUT	28	35	Tue 16-17	Online
COMP6733	W09A	LAB	6	20	Wed 09-13	LyreK17G12
DPST1013	W09A	TUT	18	18	Thu 14-15:30	Block 209
COMP1531	T15B	LAB	24	24	Tue 16-18	FluteME303
COMP3121	T16A	TUT	27	30	Tue 16-17	Webst 251
DPBS1110	T14A	TUT	18	18	Tue 14:30-16	Block 111
COMP2511	H11B	TUT	25	25	Thu 11-12	H13-W 4034
COMP2041	M18A	TUT	19	30	Mon 18-19	Online
DPST1013	T12A	TUT	18	18	Fri 12-13:30	Block 115
COMP2041	M18B	LAB	12	30	Mon 19-21	Online
DPGE1003	F15A	TUT	20	18	Fri 15:30-17:30	Block 117
DPGE1002	F09C	TUT	15	18	Fri 09-11	Block 218
COMP1511	F09G	TUT	23	24	Fri 09-10	Quad G026
COMP1531	H13B	LAB	24	24	Thu 14-16	FluteME303
COMP9154	M13A	TUT	3	20	Mon 13-14	Quad G054
COMP1511	T15A	LAB	24	24	Tue 16-18	Online
COMP3331	T16B	LAB	11	20	Tue 16-18	ClavierPhU
COMP1521	M14C	TUT	24	24	Mon 14-15	Webst 250
COMP9417	W14A	TUT	12	25	Wed 14-15	Quad G027
COMP1531	T15B	TUT	24	24	Tue 15-16	Ainswth102
COMP1521	T17A	TUT	22	24	Tue 17-18	Online
COMP9414	H11A	TUT	25	25	Thu 11-13	CivEng G6
COMP9044	M18B	LAB	17	30	Mon 19-21	Online
COMP3153	M12A	TUT	20	20	Mon 12-14	Ainswth101
COMP2041	M15B	LAB	5	30	Mon 16-18	BrassME305
DPST1092	T14A	TUT	11	18	Tue 14-15	Block 214
DPGE1001	M11B	TUT	0	18	Mon 11-13	Block 217
COMP3331	M18B	LAB	7	20	Mon 18-20	ClavierPhU
COMP3121	H16A	TUT	28	30	Thu 16-17	CivEng 701
COMP1511	H17B	LAB	22	24	Thu 18-20	ElecEng108
COMP9444	T14A	TUT	15	24	Tue 14-15	Webst 252
DPBS1110	M10A	TUT	13	18	Mon 10-11:30	Block 209
DPHU1008	H10A	TUT	8	18	Thu 10-12:30	Block 123
COMP3900	H14B	LAB	18	20	Thu 14-16	ClavierPhU
BINF9010	H16A	LAB	5	10	Thu 16-18	Online
COMP3900	H18B	LAB	20	20	Thu 18-20	ClavierPhU
DPBS1170	W13A	TUT	18	18	Wed 13-14:30	Block 209
COMP9313	H16C	LAB	9	30	Thu 16-18	Online
COMP1511	H09B	LAB	24	24	Thu 10-12	SitarME306
COMP9414	F16A	TUT	24	25	Fri 16-18	H13-W 2035
COMP9414	H16A	TUT	24	25	Thu 16-18	Quad 1046
COMP2511	H17B	LAB	25	25	Thu 18-20	Oboe ME304
DPST1023	W12A	TUT	0	18	Wed 12-13	Block 110
DPGE1001	M11A	TUT	18	19	Mon 11-13	Block 114
COMP9044	W13A	TUT	4	30	Wed 13-14	Online
DPBS1110	T14A	TUT	18	18	Wed 12-13:30	Block 216
DPST1021	T16B	TUT	17	18	Thu 12-13	Block 212
COMP9044	H17A	TUT	7	30	Thu 17-18	Mat 105
DPGE1002	F15B	TUT	19	19	Fri 15:30-17:30	Block 116
COMP9313	H16A	LAB	10	30	Thu 16-18	Online
COMP6733	W14A	LAB	8	20	Wed 14-18	LyreK17G12
COMP9414	T18B	TUT	25	25	Tue 18-20	Quad G046
COMP9417	H16A	TUT	9	25	Thu 16-17	Online
DPST1013	T12A	TUT	18	18	Tue 12:30-14	Block 212
DPGE1001	M11A	TUT	18	19	Fri 14-16	Block 215
COMP2521	F12A	TUT	22	22	Fri 12-13	Quad G042
COMP1511	F09A	LAB	24	24	Fri 10-12	BongoK17G7
COMP1521	T15B	TUT	24	24	Tue 15-16	Col LG02
COMP2511	M18A	LAB	25	25	Mon 19-21	BrassME305
COMP1911	M12C	LAB	25	25	Mon 13-15	TablaK17G7
DPST1031	W14A	TUT	13	18	Wed 14-15:30	Block 215
DPBS1190	M15A	TUT	12	18	Mon 15-16:30	Block 105
COMP6452	M15A	TUT	31	32	Mon 15-17	AinswthG01
DPST1014	M11A	TUT	18	19	Mon 11-12:30	Block 215
COMP2511	H13A	LAB	25	25	Thu 14-16	BrassME305
COMP3121	H16B	TUT	25	35	Thu 16-17	Online
DPST1024	W13A	TUT	0	13	Fri 15-16	Block 214
COMP1511	F15B	TUT	24	24	Fri 15-16	Quad 1046
DPBS1120	M15A	TUT	18	19	Mon 15-18	Block 207
COMP3153	W12A	TUT	8	20	Wed 12-14	Quad G042
COMP2511	H15B	TUT	25	25	Thu 15-16	H13-W 2035
DPST1051	W13A	TUT	6	18	Thu 12-13	Block 206
DPST1032	F09A	TUT	10	18	Mon 14-15:30	Block 210
COMP3331	T16A	LAB	11	20	Tue 16-18	OrganPhysU
DPST1023	W16A	TUT	0	18	Wed 16-17	Block 115
COMP1511	T12A	LAB	23	24	Tue 13-15	ElecEng108
DPDE1006	F14A	TUT	17	18	Fri 14-18	Block 123
DPST1024	T14A	TUT	0	13	Wed 13-14	Block 111
COMP2521	W13B	LAB	22	22	Wed 14-16	Online
COMP9313	W16A	LAB	12	30	Wed 16-18	BUS 105
DPST1092	T12A	TUT	16	18	Thu 13-14	Block 117
COMP1531	M17D	LAB	22	24	Mon 18-20	Online
COMP9044	W17A	LAB	11	30	Wed 18-20	BrassME305
COMP1521	M16C	TUT	24	24	Mon 16-17	Online
DPGE1001	M10A	TUT	19	19	Fri 13:30-15:30	Block 115
COMP1521	F12B	TUT	24	24	Fri 12-13	Quad 1048
DPHU1007	T14A	SEM	54	70	Tue 14-15	OMB149
COMP1531	W18B	LAB	24	24	Wed 19-21	FluteME303
COMP2041	F09B	TUT	23	30	Fri 09-10	Quad 1048
COMP9417	H15A	TUT	12	25	Thu 15-16	Online
COMP1511	T15B	LAB	24	24	Tue 16-18	Online
DPBS1180	W16A	TUT	18	18	Thu 14:30-16	Block 215
COMP2041	T15A	LAB	27	30	Tue 16-18	BrassME305
COMP1531	W18A	TUT	21	24	Wed 18-19	Gold G07
COMP3121	H12B	TUT	29	30	Thu 12-13	Mat 230
COMP6445	W16A	LAB	10	20	Wed 16-18	CybSK17G11
COMP1911	T09A	TUT	25	25	Tue 09-10	Webst 250
COMP2521	T12A	LAB	22	22	Tue 13-15	KoraME307
DPST1013	M09A	TUT	16	18	Mon 09:30-11	Block 118
COMP2521	W15B	TUT	22	22	Wed 15-16	Online
DPST1021	T16B	TUT	17	18	Tue 16-17	Block 212
DPGE1002	F12B	TUT	18	18	Fri 12-14	Block 125
DPBS1180	W16A	TUT	18	18	Wed 16:30-18	Block 209
COMP3121	H15B	TUT	23	35	Thu 15-16	Online
COMP9444	W15A	TUT	10	24	Wed 15-16	Webst 252
DPST1092	T12A	TUT	16	18	Tue 12-13	Block 214
COMP2041	F11B	LAB	28	30	Fri 12-14	StringsME3
COMP1911	W15A	TUT	25	25	Wed 15-16	Online
COMP3331	T14A	LAB	14	20	Tue 14-16	OrganPhysU
COMP3121	T11A	TUT	21	30	Tue 11-12	Block G13
DPGE1002	T09B	TUT	19	19	Tue 09-11	Block 114
DPST1022	W13A	TUT	0	18	Fri 15-16	Block 214
COMP9417	W19A	TUT	7	25	Wed 19-20	Col LG01
COMP3331	T10B	LAB	11	20	Tue 10-12	ClavierPhU
COMP1531	W12C	TUT	22	24	Wed 12-13	Online
COMP1511	T17B	LAB	23	24	Tue 18-20	TablaK17G7
DPBS1190	M15A	TUT	12	18	Fri 11-12:30	Block 207
COMP3151	M11A	TUT	15	20	Mon 11-12	Quad G054
COMP1521	T13A	TUT	24	24	Tue 13-14	Ainswth101
DPHU1006	T11A	TUT	0	18	Tue 11:30-14	Block 107
ENGG1811	W14A	LAB	24	24	Wed 14-16	Online
COMP3900	W18A	LAB	19	20	Wed 18-20	OrganPhysU
COMP2041	F09A	LAB	19	30	Fri 10-12	BrassME305
COMP2521	H11B	LAB	22	22	Thu 12-14	TablaK17G7
COMP1531	W12B	TUT	24	24	Wed 12-13	Col LG01
COMP1511	W09C	LAB	24	24	Wed 10-12	BongoK17G7
COMP9101	F10A	TUT	6	35	Fri 10-11	Mat 226
DPGE1001	M11C	TUT	16	18	Mon 11-13	Block 218
COMP3151	M13A	TUT	11	20	Mon 13-14	Quad G054
COMP9331	H18A	LAB	5	20	Thu 18-20	Online
COMP2041	W17A	TUT	18	30	Wed 17-18	AinswthG01
COMP1521	T11B	TUT	24	24	Tue 11-12	Ainswth201
COMP2521	H13A	TUT	22	22	Thu 13-14	Quad G054
DPDE1007	A	SEM	8	16	Tue 14-15	Block 123
COMP1531	T13B	LAB	24	24	Tue 14-16	FluteME303
COMP9444	T13A	TUT	8	24	Tue 13-14	Webst 256
COMP2521	T16A	TUT	22	22	Tue 16-17	Quad G042
COMP2511	W15A	TUT	25	25	Wed 14-15	Online
COMP3511	T18A	LAB	15	19	Tue 19-20	CHIK17G13
DPHU1005	W09A	TUT	9	18	Wed 09:30-12:30	Block 215
COMP9312	W10A	TUT	16	24	Wed 10:30-12	Lib 176A
COMP3121	T11B	TUT	22	30	Tue 11-12	Block G14
COMP9417	W14A	TUT	13	25	Wed 14-15	Quad G027
COMP9414	H09A	TUT	24	25	Thu 09-11	H13-W 2035
COMP9417	T17B	TUT	8	25	Tue 17-18	H13-W 4037
DPBS1170	W13A	TUT	18	18	Thu 11:30-13	Block 117
COMP2521	F14B	TUT	22	22	Fri 14-15	Quad 1042
DPGE1001	T11A	TUT	19	19	Fri 13:30-15:30	Block 116
COMP1511	H15B	LAB	24	24	Thu 16-18	KoraME307
COMP9414	H18A	TUT	24	25	Thu 18-20	Online
COMP3511	H12A	LAB	19	19	Thu 13-14	CHIK17G13
DPGE1001	M11C	TUT	16	18	Thu 15:30-17:30	Block 219
COMP9044	F11A	LAB	4	30	Fri 12-14	BrassME305
COMP1531	H11A	TUT	24	24	Thu 11-12	Gold G07
COMP9331	T12A	LAB	5	20	Tue 12-14	OrganPhysU
COMP9313	W18A	LAB	20	30	Wed 18-20	Online
COMP9311	H19A	TLB	19	20	Thu 19-21	KoraME307
DPBS1150	M10A	TUT	12	19	Mon 10-11:30	Block 214
COMP3121	H11A	TUT	26	30	Thu 11-12	Mat 232
COMP9101	W16A	TUT	1	30	Wed 16-17	Mat 232
DPHU1002	W15A	TUT	20	20	Wed 15:30-18	Block 211
COMP2521	H11C	TUT	21	21	Thu 11-12	Gold G03
COMP9313	H14A	LAB	15	30	Thu 14-16	H13-E 1043
COMP9444	M18A	TUT	8	24	Mon 18-19	Gold G05
DPGE1001	M11A	TUT	18	19	Thu 15:30-17:30	Block 114
COMP9044	T13A	LAB	1	30	Tue 14-16	BrassME305
DPST1051	W13A	TUT	6	18	Wed 13-14	Block 113
COMP9044	T18A	LAB	7	30	Tue 19-21	Online
DPBS1150	M12A	TUT	17	18	Wed 12-13:30	Block 105
COMP9417	T14A	TUT	6	25	Tue 14-15	Col LG02
COMP2521	T14B	TUT	22	22	Tue 14-15	Quad 1048
COMP9417	H18A	TUT	9	25	Thu 18-19	Online
COMP9101	T13A	TUT	8	30	Tue 13-14	Block G14
COMP9900	H18C	LAB	20	20	Thu 18-20	Online
COMP2521	H11B	TUT	22	22	Thu 11-12	Quad G042
COMP2041	T15B	TUT	30	30	Tue 15-16	Quad G047
DPST1071	F13A	LAB	42	48	Fri 13-15	ElecEng201
COMP9311	H13A	TLB	20	20	Thu 13-15	Online
DPHU1003	W13B	TUT	5	18	Wed 13-16	Block 207
COMP6445	H18A	LAB	0	10	Thu 18-20	CybSK17G11
COMP9417	H15A	TUT	12	25	Thu 15-16	Online
DPGE1001	M16A	TUT	17	18	Mon 16-18	Block 114
DPBS1180	H10B	TUT	19	18	Fri 13:30-15	Block 122
DPBS1190	T14A	TUT	18	19	Wed 15-16:30	Block 216
DPST1024	T14A	TUT	0	13	Tue 14-15	Block 219
DPGE1003	H13A	TUT	18	18	Thu 13-15	Block 219
DPST1072	T16A	TUT	12	18	Tue 16:30-18	Block 202
COMP6445	W14A	LAB	0	10	Wed 14-16	CybSK17G11
COMP6445	W16A	LAB	0	10	Wed 16-18	CybSK17G11
DPST1021	T17A	TUT	8	18	Fri 13:30-14:30	Block 203
ENGG1811	W18A	LAB	24	24	Wed 18-20	BongoK17G7
DPGE1001	T13A	TUT	19	19	Thu 13:30-15:30	Block 114
COMP3900	W16A	LAB	19	20	Wed 16-18	ClavierPhU
COMP1521	M12C	LAB	24	24	Mon 13-15	FluteME303
COMP3331	M12B	LAB	11	20	Mon 12-14	ClavierPhU
COMP1511	F09B	LAB	24	24	Fri 10-12	TablaK17G7
COMP9312	T19A	TUT	15	24	Tue 19:30-21	Webst 252
COMP2041	M15B	TUT	5	30	Mon 15-16	Gold G02
COMP2041	H17B	LAB	26	30	Thu 18-20	Online
COMP1521	M12A	TUT	24	24	Mon 12-13	Gold G02
COMP2041	T09B	TUT	26	30	Tue 09-10	Quad 1048
COMP3900	W18B	LAB	20	20	Wed 18-20	ClavierPhU
COMP9044	H17B	LAB	4	30	Thu 18-20	Online
DPHU1004	H15A	TUT	17	18	Thu 15:30-18	Block 212
DPGE1001	M11C	TUT	16	18	Wed 12-14	Block 218
DPST1061	T10A	TUT	17	20	Tue 10-11	Block 118
COMP2521	T14A	TUT	21	22	Tue 14-15	Quad 1042
COMP9331	F10A	LAB	6	20	Fri 10-12	OrganPhysU
DPST1072	T15B	LAB	3	5	Tue 15-16	Online
COMP9313	H16B	LAB	11	30	Thu 16-18	Online
DPGE1003	W09A	TUT	17	18	Wed 09-11	Block 206
DPST1022	T14A	TUT	10	18	Tue 14-15	Block 219
DPST1013	W09B	TUT	14	18	Fri 15:30-17	Block 110
COMP9444	H12A	TUT	13	24	Thu 12-13	Gold G05
COMP2041	W13A	LAB	26	30	Wed 14-16	Online
DPDE1004	W14A	SEM	8	16	Wed 14-15	Block 123
COMP1521	T11B	LAB	24	24	Tue 12-14	TablaK17G7
COMP9044	F13B	TUT	5	30	Fri 13-14	Quad 1048
COMP1521	M16C	LAB	24	24	Mon 17-19	Online
COMP9154	T12A	TUT	3	20	Tue 12-13	Quad G048
COMP3331	H12A	LAB	10	20	Thu 12-14	Online
COMP2511	T17B	LAB	25	25	Tue 18-20	StringsME3
COMP6845	W16A	LAB	0	20	Wed 16-18	CybSK17G11
COMP9313	H14A	LAB	15	30	Thu 14-16	H13-E 1043
DPBS1110	M15B	TUT	19	19	Mon 15-16:30	Block 113
COMP9331	M12A	LAB	11	20	Mon 12-14	OrganPhysU
DPBS1180	M15A	TUT	17	18	Thu 16-17:30	Block 118
COMP9511	H16A	LAB	18	19	Thu 17-18	CHIK17G13
COMP9312	T18A	TUT	4	24	Tue 18-19:30	Webst 252
DPBS1140	W16A	TUT	19	19	Wed 16-17:30	Block 116
COMP1521	W11A	TUT	24	24	Wed 11-12	Gold G02
COMP2521	H15A	LAB	22	22	Thu 16-18	BongoK17G7
COMP9417	H19A	TUT	9	25	Thu 19-20	Online
COMP9101	H16A	TUT	6	30	Thu 16-17	CivEng 701
DPST1023	T11A	TUT	1	18	Tue 11:30-12:30	Block 206
COMP9313	T16B	LAB	8	30	Tue 16-18	Ainswth102
COMP9331	F14A	LAB	6	20	Fri 14-16	OrganPhysU
COMP9044	M18A	LAB	10	30	Mon 19-21	Online
DPST1023	M13A	LAB	1	10	Mon 13-15	OMB 112
COMP9331	F16A	LAB	12	20	Fri 16-18	OrganPhysU
COMP9044	F15A	LAB	13	30	Fri 16-18	BrassME305
DPHU1002	M10A	TUT	0	19	Mon 10-12:30	Block 125
COMP6845	W14A	LAB	0	20	Wed 14-16	CybSK17G11
COMP2041	T13B	TUT	26	30	Tue 13-14	Quad 1047
DPBS1100	T10A	TUT	20	19	Wed 12-13:30	Block 117
COMP9044	T09B	LAB	4	30	Tue 10-12	StringsME3
COMP9331	T10A	LAB	7	20	Tue 10-12	OrganPhysU
COMP1521	M16B	TUT	24	24	Mon 16-17	Quad G054
COMP1521	T11A	TUT	24	24	Tue 11-12	Quad 1047
COMP9417	H18A	TUT	16	25	Thu 18-19	Online
COMP6452	M15A	TUT	17	18	Mon 15-17	AinswthG01
COMP9417	T13A	TUT	21	25	Tue 13-14	Col LG02
COMP9331	M16A	LAB	15	20	Mon 16-18	OrganPhysU
COMP9044	W09B	TUT	4	30	Wed 09-10	Gold G03
COMP3900	W09B	LAB	18	20	Wed 09-11	ClavierPhU
COMP3151	T12A	TUT	16	20	Tue 12-13	Quad G048
COMP3511	F16A	LAB	19	19	Fri 17-18	Online
DPGE1001	T09A	TUT	16	19	Tue 09-11	Block 212
DPST1072	T14B	LAB	4	5	Tue 14-15	Online
COMP9313	H14B	LAB	15	30	Thu 14-16	H13-E 2062
COMP3331	F10A	LAB	14	20	Fri 10-12	OrganPhysU
ENGG1811	W09A	LAB	24	24	Wed 09-11	FluteME303
DPBS1180	M15A	TUT	17	18	Mon 15-16:30	Block 116
COMP2041	F15A	LAB	17	30	Fri 16-18	BrassME305
COMP2521	H11A	TUT	21	22	Thu 11-12	Quad G054
DPST1014	M16A	TUT	17	19	Fri 09:30-11	Block 122
ENGG1811	W11B	LAB	24	24	Wed 11-13	FluteME303
COMP1531	T13A	TUT	24	24	Tue 13-14	Gold G05
COMP9313	H14C	LAB	16	30	Thu 14-16	H13-E 2061
COMP1511	T14A	TUT	21	24	Tue 14-15	Quad G047
COMP9101	T12A	TUT	5	35	Tue 12-13	Block G14
COMP3900	W11B	LAB	19	20	Wed 11-13	ClavierPhU
COMP1531	W18B	TUT	24	24	Wed 18-19	Quad G025
COMP2511	T17A	TUT	25	25	Tue 17-18	Ainswth201
COMP1521	H18A	LAB	21	24	Thu 19-21	Online
DPGE1001	M10A	TUT	19	19	Mon 10-12	Block 115
DPST1031	W14A	TUT	13	18	Thu 11-12:30	Block 214
COMP6452	T16A	TUT	20	30	Tue 16-18	Quad 1047
COMP3121	T15A	TUT	26	30	Tue 15-16	Biosci G07
COMP9153	T15A	TUT	4	20	Tue 15-17	Quad 1042
DPST1072	T11A	TUT	12	18	Tue 11-12:30	Block 118
DPST1092	T14A	TUT	11	18	Thu 10-11	Block 114
COMP9331	M18B	LAB	7	20	Mon 18-20	ClavierPhU
COMP3121	H12A	TUT	31	35	Thu 12-13	Online
COMP1911	W11A	TUT	0	25	Wed 11-12	Online
COMP9044	F13B	LAB	5	30	Fri 14-16	StringsME3
COMP2041	H17A	TUT	14	30	Thu 17-18	Mat 105
DPDE1005	T11A	TUT	16	18	Tue 11-14:30	Block 113
COMP1511	W18A	LAB	20	24	Wed 19-21	Online
COMP9044	W15A	TUT	2	30	Wed 15-16	Gold G02
COMP6845	H18A	LAB	1	20	Thu 18-20	CybSK17G11
COMP2041	T18A	TUT	23	30	Tue 18-19	Online
COMP3511	W14A	LAB	19	19	Wed 15-16	CHIK17G13
COMP1511	T18B	TUT	21	24	Tue 18-19	Online
COMP3331	F14A	LAB	14	20	Fri 14-16	OrganPhysU
COMP9044	M15B	TUT	25	30	Mon 15-16	Gold G02
DPST1021	W16B	TUT	14	18	Fri 16-17	Block 207
COMP1521	M16A	TUT	24	24	Mon 16-17	Ainswth201
COMP9331	M14A	LAB	16	20	Mon 14-16	OrganPhysU
COMP9312	T18A	TUT	20	24	Tue 18-19:30	Webst 252
DPGE1003	F10A	TUT	16	18	Fri 10-12	Block 116
COMP9044	F13A	LAB	1	30	Fri 14-16	BrassME305
DPST1021	T16A	TUT	14	18	Tue 16-17	Block 216
COMP9311	W17A	TLB	20	20	Wed 17-19	Online
COMP9311	M18B	TLB	19	20	Mon 18-20	LyreK17G12
DPBS1170	W16A	TUT	11	18	Wed 16-17:30	Block 105
COMP9417	T15A	TUT	15	25	Tue 15-16	SEB B27
COMP2521	H18A	TUT	20	22	Thu 18-19	Online
DPGE1003	F15C	TUT	0	18	Fri 15:30-17:30	Block 122
COMP9331	M18A	LAB	14	20	Mon 18-20	OrganPhysU
COMP1511	W17B	LAB	20	24	Wed 18-20	ElecEng108
DPST1022	T14A	TUT	10	18	Wed 13-14	Block 111
COMP1521	H18B	TUT	24	24	Thu 18-19	Online
DPGE1003	H09A	TUT	10	18	Thu 09-11	Block 218
DPST1022	W17A	TUT	8	18	Wed 17-18	Block 214
COMP2041	M17B	TUT	13	24	Mon 17-18	AGSM LG06
DPST1051	M12A	TUT	19	19	Wed 15-16	Block 213
COMP1521	W18A	LAB	24	24	Wed 19-21	Online
COMP2521	H13A	LAB	22	22	Thu 14-16	BongoK17G7
COMP3153	M14A	TUT	17	20	Mon 14-16	Quad G025
COMP1531	H13B	TUT	24	24	Thu 13-14	Quad 1046
COMP2041	W11B	LAB	26	30	Wed 12-14	Online
DPST1091	M16A	TUT	16	18	Mon 16-17	Block 202
COMP9417	T16B	TUT	16	25	Tue 16-17	H13-W 4037
COMP3511	T18A	TUT	15	19	Tue 18-19	CHIK17G13
DPBS1180	M09A	TUT	13	18	Wed 13:30-15	Block 219
COMP9414	F11A	TUT	23	25	Fri 11-13	Quad G044
COMP9044	F11B	LAB	1	30	Fri 12-14	StringsME3
COMP1511	W16C	TUT	24	24	Wed 16-17	Webst 256
COMP3331	T10A	LAB	12	20	Tue 10-12	OrganPhysU
DPBS1140	H09A	TUT	20	19	Thu 09-10:30	Block 219
COMP9311	M14A	TLB	20	20	Mon 14-16	BongoK17G7
COMP3900	F18A	LAB	20	20	Fri 18-20	Online
DPST1022	W13A	TUT	0	18	Wed 13-14	Block 215
COMP9417	F12A	TUT	12	25	Fri 12-13	Quad G053
COMP9044	F15A	TUT	13	30	Fri 15-16	Gold G02
COMP2041	W09A	LAB	27	30	Wed 10-12	StringsME3
COMP9444	M16A	TUT	6	24	Mon 16-17	Webst 252
COMP2041	W13A	TUT	26	30	Wed 13-14	Online
COMP1521	M12A	LAB	24	24	Mon 13-15	KoraME307
COMP9101	H17A	TUT	2	35	Thu 17-18	Mat 226
COMP9312	W16A	TUT	11	24	Wed 16-17:30	Quad G054
DPST1013	T09A	TUT	19	18	Fri 09-10:30	Block 215
COMP1511	H11B	TUT	24	24	Thu 11-12	Gold G05
COMP9101	T11B	TUT	11	30	Tue 11-12	Block G14
COMP2521	F12B	LAB	22	22	Fri 13-15	TablaK17G7
COMP2511	W15A	LAB	25	25	Wed 15-17	Online
COMP1521	M14B	TUT	24	24	Mon 14-15	Quad 1048
COMP2521	H09C	LAB	18	21	Thu 10-12	ClavierPhU
DPHU1007	T09A	TUT	18	18	Tue 09-11:30	Block 215
COMP9444	T17A	TUT	10	24	Tue 17-18	Webst 252
COMP2511	H09B	LAB	25	25	Thu 10-12	StringsME3
COMP3511	T12A	TUT	18	19	Tue 12-13	CHIK17G13
COMP2521	F14B	LAB	22	22	Fri 15-17	TablaK17G7
COMP2511	T09A	TUT	25	25	Tue 09-10	AinswthG01
COMP2521	T18B	LAB	17	22	Tue 19-21	SitarME306
DPST1014	T11A	TUT	18	18	Tue 11:30-13	Block 203
COMP1531	W12C	LAB	22	24	Wed 13-15	Online
DPBS1110	T09A	TUT	19	19	Tue 09-10:30	Block 219
COMP9044	F09B	LAB	6	30	Fri 10-12	StringsME3
DPDE1008	W09A	TUT	2	16	Wed 09-11:30	Block 216
DPBS1150	M09A	TUT	17	18	Tue 16-17:30	Block 111
COMP9417	T13A	TUT	4	25	Tue 13-14	Col LG02
COMP2511	M18A	TUT	25	25	Mon 18-19	Ainswth101
COMP2521	H18A	LAB	20	22	Thu 19-21	Online
COMP1521	M18A	TUT	22	24	Mon 18-19	Online
COMP3331	M16B	LAB	11	20	Mon 16-18	ClavierPhU
COMP2041	T13B	LAB	26	30	Tue 14-16	StringsME3
COMP2521	T14A	LAB	21	22	Tue 15-17	KoraME307
DPHU1006	T17A	SEM	28	40	Tue 17-18	Griff M11
DPST1023	M11A	LAB	5	10	Mon 11-13	OMB 112
COMP9444	H15A	TUT	17	24	Thu 15-16	Gold G07
COMP9900	H09A	LAB	18	20	Thu 09-11	OrganPhysU
COMP9044	M17B	LAB	8	24	Mon 18-20	BongoK17G7
COMP1521	W11B	LAB	24	24	Wed 12-14	TablaK17G7
DPBS1180	T09A	TUT	16	18	Wed 13-14:30	Block 206
DPST1051	T13A	TUT	13	18	Wed 17-18	Block 123
COMP3511	T14A	LAB	18	19	Tue 15-16	CHIK17G13
DPST1014	T09A	TUT	16	18	Wed 17-18:30	Block 212
COMP9101	H12A	TUT	4	35	Thu 12-13	Online
DPBS1170	M14A	TUT	19	19	Mon 14:30-16	Block 216
DPST1013	T10A	TUT	16	18	Tue 10:30-12	Block 110
COMP9154	M12A	TUT	3	20	Mon 12-13	Quad G054
COMP3511	W10A	TUT	19	19	Wed 10-11	CHIK17G13
COMP1531	W14B	TUT	24	24	Wed 14-15	Col LG01
COMP6845	W14A	LAB	0	20	Wed 14-16	CybSK17G11
DPST1092	W09A	TUT	15	18	Wed 09-10	Block 203
COMP1511	H11B	LAB	24	24	Thu 12-14	SitarME306
COMP1531	W14A	LAB	24	24	Wed 15-17	Oboe ME304
COMP3331	M18A	LAB	6	20	Mon 18-20	OrganPhysU
BINF3010	H16A	LAB	44	60	Thu 16-18	Online
COMP9101	W11B	TUT	5	30	Wed 11-12	SEB B25
COMP1511	F09G	LAB	23	24	Fri 10-12	FluteME303
COMP9044	W11B	LAB	4	30	Wed 12-14	Online
COMP1511	W18A	TUT	20	24	Wed 18-19	Online
DPGE1003	F15B	TUT	19	18	Fri 15:30-17:30	Block 118
COMP9417	W10A	TUT	12	25	Wed 10-11	Quad 1047
COMP3511	T10A	TUT	19	19	Tue 10-11	CHIK17G13
COMP1531	T11B	TUT	24	24	Tue 11-12	Quad G046
COMP2041	F13B	TUT	24	30	Fri 13-14	Quad 1048
COMP2041	T09A	LAB	20	30	Tue 10-12	BrassME305
COMP2521	H09C	TUT	18	21	Thu 09-10	Webst 252
DPST1092	W15B	LAB	15	16	Wed 15-17	Online
DPST1051	W10A	TUT	14	18	Thu 12-13	Block 219
DPGE1001	T09A	TUT	16	19	Thu 11:30-13:30	Block 216
COMP9044	F09A	TUT	10	30	Fri 09-10	Gold G02
DPHU1005	M14A	TUT	18	18	Mon 14-17	Block 110
COMP1911	T09A	LAB	25	25	Tue 10-12	TablaK17G7
COMP1911	W09A	LAB	0	25	Wed 10-12	Online
DPST1091	T15A	TUT	18	18	Tue 15-16	Block 214
COMP2041	F15A	TUT	17	30	Fri 15-16	Gold G02
COMP1511	F09H	TUT	22	24	Fri 09-10	Quad G025
COMP9044	M15A	TUT	10	30	Mon 15-16	Quad G032
COMP2511	H13A	TUT	25	25	Thu 13-14	Col LG01
COMP2041	H17B	TUT	26	30	Thu 17-18	Online
COMP9417	T17B	TUT	16	25	Tue 17-18	H13-W 4037
DPBS1190	H11A	TUT	19	18	Thu 11-12:30	Block 110
COMP1911	W09A	TUT	0	25	Wed 09-10	Online
DPGE1001	M09B	TUT	19	19	Fri 13:30-15:30	Block 113
COMP9331	M16B	LAB	7	20	Mon 16-18	ClavierPhU
COMP2511	H11B	LAB	25	25	Thu 12-14	StringsME3
COMP9331	F12B	LAB	5	20	Fri 12-14	ClavierPhU
COMP3511	F14A	LAB	19	19	Fri 15-16	CHIK17G13
DPHU1001	T09A	TUT	15	19	Tue 09-11:30	Block 216
ENGG1811	W11A	LAB	24	24	Wed 11-13	Oboe ME304
ENGG1811	W18C	LAB	24	24	Wed 18-20	Online
DPBS1120	M10C	TUT	15	18	Mon 10-13	Block 206
COMP2041	T18A	LAB	23	30	Tue 19-21	Online
COMP9417	F12A	TUT	13	25	Fri 12-13	Quad G053
DPGE1002	F09B	TUT	17	18	Fri 09-11	Block 217
COMP1511	H17A	LAB	24	24	Thu 18-20	BongoK17G7
DPDE1006	F14B	TUT	14	18	Fri 14-18	Block 125
COMP2511	W18A	TUT	25	25	Wed 18-19	Ainswth101
COMP9511	F10A	TUT	17	19	Fri 10-11	CHIK17G13
COMP1511	H18B	LAB	20	24	Thu 19-21	Online
DPGE1001	T09A	TUT	16	19	Wed 09-11	Block 212
COMP9331	T16A	LAB	9	20	Tue 16-18	OrganPhysU
COMP1531	T11B	LAB	24	24	Tue 12-14	FluteME303
COMP1531	T09B	LAB	24	24	Tue 10-12	BongoK17G7
COMP2511	H17B	TUT	25	25	Thu 17-18	Ainswth201
COMP1911	W15A	LAB	25	25	Wed 16-18	Online
COMP3511	H16A	TUT	11	19	Thu 16-17	Online
COMP1531	W14A	TUT	24	24	Wed 14-15	Gold G02
COMP9312	W17A	TUT	15	24	Wed 17:30-19	Quad G054
COMP9414	H14A	TUT	25	25	Thu 14-16	Online
COMP2511	W16A	TUT	25	25	Wed 16-17	Online
COMP1531	H13A	LAB	24	24	Thu 14-16	Oboe ME304
COMP1521	M12B	TUT	24	24	Mon 12-13	Quad 1048
COMP2511	H09A	LAB	25	25	Thu 10-12	BrassME305
COMP2511	W12B	LAB	25	25	Wed 13-15	Online
COMP9444	W15B	TUT	18	24	Wed 15-16	Gold G05
COMP1511	T18A	LAB	21	24	Tue 19-21	Online
DPBS1150	M12A	TUT	17	18	Mon 12-13:30	Block 105
COMP1531	M17D	TUT	22	24	Mon 17-18	Online
DPHU1007	F12A	TUT	18	18	Fri 12:30-15	Block 218
DPST1014	T17A	TUT	9	19	Tue 17-18:30	Block 118
COMP1531	T17A	LAB	24	24	Tue 18-20	FluteME303
DPBS1170	T09A	TUT	15	18	Thu 09:30-11	Block 116
COMP1511	H15A	TUT	24	24	Thu 15-16	Quad G040
DPBS1120	M10B	TUT	11	18	Mon 10-13	Block 212
COMP3511	T16A	TUT	19	19	Tue 16-17	Online
DPHU1003	W13A	TUT	7	18	Wed 13-16	Block 118
COMP6445	W19A	LAB	13	20	Wed 19-21	Online
COMP3121	H17A	TUT	4	35	Thu 17-18	Mat 226
COMP1511	W11A	TUT	24	24	Wed 11-12	H13-W 2035
COMP9417	T14B	TUT	12	25	Tue 14-15	Webst 302
COMP1521	M18C	TUT	23	24	Mon 18-19	Gold G06
COMP9414	W09A	TUT	20	25	Wed 09-11	H13-W 3037
COMP3151	T16A	TUT	10	20	Tue 16-17	Quad G048
DPST1023	T16B	TUT	1	18	Tue 16-17	Block 212
COMP2521	W13B	TUT	22	22	Wed 13-14	Online
COMP9313	W16A	LAB	18	30	Wed 16-18	BUS 105
COMP3331	F10B	LAB	12	20	Fri 10-12	ClavierPhU
COMP1521	T11A	LAB	24	24	Tue 12-14	BongoK17G7
COMP9101	T16B	TUT	7	35	Tue 16-17	Online
DPST1072	T16A	TUT	12	18	Fri 14-15:30	Block 217
COMP2521	W15B	LAB	22	22	Wed 16-18	Online
COMP1531	M17E	TUT	24	24	Mon 17-18	Ainswth101
DPST1023	W12A	TUT	0	18	Fri 09-10	Block 105
DPBS1150	T11B	TUT	17	18	Wed 16:30-18	Block 202
DPST1013	M11B	TUT	16	18	Mon 11-12:30	Block 113
COMP9101	H11A	TUT	2	30	Thu 11-12	Mat 232
DPBS1180	M09A	TUT	13	18	Mon 09-10:30	Block 110
DPBS1180	T15A	TUT	15	18	Wed 13-14:30	Block 110
COMP2511	W16B	TUT	25	25	Wed 16-17	Online
ENGG1811	W09B	LAB	24	24	Wed 09-11	Oboe ME304
COMP1511	H15C	TUT	24	24	Thu 15-16	Quad G054
COMP2521	F14A	TUT	22	22	Fri 14-15	Quad G042
DPBS1170	M16A	TUT	18	19	Wed 13:30-15	Block 213
DPHU1008	W15A	TUT	6	18	Wed 15-17:30	Block 206
COMP2521	H13B	TUT	22	22	Thu 13-14	Quad G042
DPBS1170	M16A	TUT	18	19	Mon 16:30-18	Block 122
COMP9331	T12B	LAB	1	20	Tue 12-14	ClavierPhU
COMP3121	W15A	TUT	26	35	Wed 15-16	Online
DPST1023	W16A	TUT	0	18	Thu 16:30-17:30	Block 209
COMP1531	M17F	LAB	24	24	Mon 18-20	Oboe ME304
COMP1521	M12D	TUT	24	24	Mon 12-13	Quad G027
COMP3331	T18A	LAB	13	20	Tue 18-20	ClavierPhU
COMP3331	F12A	LAB	9	20	Fri 12-14	OrganPhysU
COMP2511	T17A	LAB	25	25	Tue 18-20	BrassME305
COMP2041	T11A	LAB	29	30	Tue 12-14	BrassME305
COMP1511	H11A	LAB	24	24	Thu 12-14	KoraME307
COMP2521	T18A	TUT	22	22	Tue 18-19	Quad G042
COMP1511	H15A	LAB	24	24	Thu 16-18	StringsME3
COMP9313	H11A	LAB	11	30	Thu 11-13	H13-E 2063
COMP9044	M17A	TUT	9	30	Mon 17-18	AinswthG01
COMP2041	M17A	LAB	16	30	Mon 18-20	StringsME3
COMP9900	H11A	LAB	20	20	Thu 11-13	OrganPhysU
DPGE1001	T11A	TUT	19	19	Wed 09-11	Block 217
COMP2511	W13A	LAB	25	25	Wed 14-16	SitarME306
COMP9313	W16B	LAB	17	30	Wed 16-18	AinswthG02
COMP9044	T13B	TUT	4	30	Tue 13-14	Quad 1047
DPBS1100	T11A	TUT	20	18	Tue 11:30-13	Block 219
COMP9417	H19A	TUT	16	25	Thu 19-20	Online
COMP1521	H18A	TUT	21	24	Thu 18-19	Online
DPBS1120	F13A	TUT	21	20	Fri 13:30-16:30	Block 213
COMP1511	T12A	TUT	23	24	Tue 12-13	Quad G054
COMP3511	W10A	LAB	19	19	Wed 11-12	CHIK17G13
DPDE1005	H14A	TUT	13	18	Thu 14-17:30	Block 213
COMP9311	M16A	TLB	20	20	Mon 16-18	LyreK17G12
COMP1531	H09A	TUT	24	24	Thu 09-10	Quad 1046
DPST1091	T14A	TUT	18	18	Tue 14-15	Block 215
DPST1014	F14A	TUT	0	20	Tue 09-10:30	Block 124
DPGE1002	M16A	TUT	18	18	Mon 16-18	Block 218
COMP2521	H09A	TUT	21	22	Thu 09-10	Quad G054
COMP2511	W18B	LAB	25	25	Wed 19-21	Online
COMP9444	W14B	TUT	17	24	Wed 14-15	Webst 302
COMP3511	W12A	LAB	16	19	Wed 13-14	CHIK17G13
COMP3900	H16B	LAB	20	20	Thu 16-18	ClavierPhU
COMP2041	M18A	LAB	19	30	Mon 19-21	Online
COMP9900	F15A	LAB	20	20	Fri 15-17	ClavierPhU
COMP1911	M14A	TUT	0	25	Mon 14-15	Online
COMP9101	W12A	TUT	3	30	Wed 12-13	Law 162
COMP1521	W18A	TUT	24	24	Wed 18-19	Online
COMP3121	T13A	TUT	26	30	Tue 13-14	Block G14
COMP1511	W09B	LAB	24	24	Wed 10-12	SitarME306
DPHU1004	M10A	TUT	16	18	Mon 10-12:30	Block 107
COMP9900	H18B	LAB	20	20	Thu 18-20	LyreK17G12
DPBS1170	W13B	TUT	18	18	Wed 13-14:30	Block 202
COMP2521	W09C	LAB	22	22	Wed 10-12	TablaK17G7
DPST1024	W17A	TUT	2	13	Wed 17-18	Block 214
DPST1013	M11A	TUT	17	18	Mon 11-12:30	Block 110
COMP1521	M16B	LAB	24	24	Mon 17-19	SitarME306
COMP9900	W18B	LAB	20	20	Wed 18-20	LyreK17G12
COMP9101	T11A	TUT	13	30	Tue 11-12	Block G13
COMP3151	M12A	TUT	16	20	Mon 12-13	Quad G054
COMP1911	M12A	TUT	25	25	Mon 12-13	Quad 1047
DPGE1001	M09B	TUT	19	19	Mon 09-11	Block 218
COMP1521	M14A	LAB	24	24	Mon 15-17	KoraME307
DPBS1150	T11B	TUT	17	18	Tue 11-12:30	Block 202
COMP3121	W16B	TUT	29	30	Wed 16-17	Mat 226
DPST1024	W17A	TUT	2	13	Fri 13-14	Block 214
COMP1531	W12A	TUT	24	24	Wed 12-13	Gold G05
COMP9313	T18A	LAB	16	30	Tue 18-20	Online
COMP1521	F12A	TUT	24	24	Fri 12-13	Gold G02
DPST1031	H09A	TUT	16	18	Fri 15-16:30	Block 211
COMP9417	H14A	TUT	17	25	Thu 14-15	Online
COMP9417	F10A	TUT	12	25	Fri 10-11	Quad G053
DPBS1150	M09A	TUT	17	18	Mon 09-10:30	Block 111
DPBS1100	W15A	TUT	19	20	Fri 15:30-17	Block 217
COMP3331	W18A	LAB	19	20	Wed 18-20	Online
COMP3900	H16A	LAB	19	20	Thu 16-18	OrganPhysU
COMP9444	T18A	TUT	3	24	Tue 18-19	Online
DPGE1001	W14A	TUT	19	19	Tue 13-15	Block 114
COMP9311	M14B	TLB	20	20	Mon 14-16	LyreK17G12
DPST1023	H12A	TUT	1	18	Fri 10-11	Block 212
DPGE1003	F12A	TUT	18	18	Fri 12-14	Block 117
COMP9101	T16A	TUT	7	30	Tue 16-17	Webst 251
COMP3121	W16A	TUT	22	30	Wed 16-17	Mat 232
DPGE1001	M10B	TUT	19	19	Thu 15:30-17:30	Block 116
COMP9900	F17A	LAB	20	20	Fri 17-19	BongoK17G7
DPBS1100	T11A	TUT	20	18	Fri 09-10:30	Block 219
COMP1521	W11A	LAB	24	24	Wed 12-14	BongoK17G7
COMP1911	T09B	TUT	24	25	Tue 09-10	Webst 251
COMP9444	W14A	TUT	16	24	Wed 14-15	Webst 252
COMP1511	W16A	TUT	24	24	Wed 16-17	Quad 1045
COMP3511	W14A	TUT	19	19	Wed 14-15	CHIK17G13
COMP1511	W09B	TUT	24	24	Wed 09-10	Quad 1048
COMP2041	W15A	TUT	28	30	Wed 15-16	Gold G02
COMP1511	T15B	TUT	24	24	Tue 15-16	Online
COMP9417	T14A	TUT	19	25	Tue 14-15	Col LG02
COMP6733	W14A	LAB	8	20	Wed 14-18	LyreK17G12
COMP2521	W17B	LAB	22	22	Wed 18-20	Online
COMP6452	T16A	TUT	4	30	Tue 16-18	Quad 1047
COMP9417	W16A	TUT	9	25	Wed 16-17	Webst 251
DPGE1001	M10B	TUT	19	19	Mon 10-12	Block 117
COMP1511	W16D	LAB	24	24	Wed 17-19	TablaK17G7
COMP1531	T11A	LAB	24	24	Tue 12-14	Oboe ME304
COMP9414	W14B	TUT	25	25	Wed 14-16	Quad G047
DPST1023	T09A	TUT	0	18	Tue 09-10	Block 203
COMP1911	M12C	TUT	25	25	Mon 12-13	AinswthG01
DPBS1110	M11A	TUT	19	19	Mon 11:30-13	Block 213
COMP1531	W12A	LAB	24	24	Wed 13-15	FluteME303
COMP9331	H12A	LAB	3	20	Thu 12-14	Online
COMP3511	T14A	TUT	18	19	Tue 14-15	CHIK17G13
COMP1521	W13A	LAB	24	24	Wed 14-16	TablaK17G7
COMP9414	W14A	TUT	24	25	Wed 14-16	Quad 1045
COMP2041	M18B	TUT	12	30	Mon 18-19	Online
ENGG1811	W18B	LAB	23	24	Wed 18-20	Online
DPST1052	M10A	LAB	15	15	Mon 10-13	TchLab 12
DPGE1001	T09A	TUT	16	19	Fri 13:30-15:30	Block 118
COMP9417	T13B	TUT	15	25	Tue 13-14	Webst 302
COMP1511	F13B	LAB	24	24	Fri 14-16	SitarME306
COMP4601	W14A	LAB	31	32	Wed 14-16	BrassME305
COMP2041	F09B	LAB	23	30	Fri 10-12	StringsME3
COMP2511	W12B	TUT	25	25	Wed 12-13	Online
DPST1021	T17A	TUT	8	18	Tue 17-18	Block 105
COMP1911	M12A	LAB	25	25	Mon 13-15	Oboe ME304
COMP9154	T14A	TUT	2	20	Tue 14-15	Quad G054
COMP9154	T16A	TUT	3	20	Tue 16-17	Quad G048
DPGE1001	W14A	TUT	19	19	Mon 10-12	Block 116
COMP3121	T12A	TUT	29	30	Tue 12-13	Block G14
COMP1521	F12A	LAB	24	24	Fri 13-15	Oboe ME304
DPST1013	W09C	TUT	13	19	Wed 09-10:30	Block 122
COMP1911	T09B	LAB	24	25	Tue 10-12	Oboe ME304
DPHU1008	M16A	SEM	28	40	Mon 16-17	Online
DPST1013	H13A	TUT	4	19	Wed 12:30-14	Block 115
DPST1091	T11B	TUT	18	18	Tue 11-12	Block 105
COMP1511	W09A	LAB	24	24	Wed 10-12	KoraME307
COMP1521	T17A	LAB	22	24	Tue 18-20	Online
DPHU1001	M15A	SEM	48	52	Mon 15:30-16:30	Online
COMP1511	W16C	LAB	24	24	Wed 17-19	FluteME303
COMP2521	H15B	LAB	22	22	Thu 16-18	TablaK17G7
DPBS1190	H11A	TUT	19	18	Fri 12-13:30	Block 111
COMP9417	T16B	TUT	9	25	Tue 16-17	H13-W 4037
COMP9417	W10A	TUT	9	25	Wed 10-11	Quad 1047
DPBS1140	M16A	TUT	20	20	Wed 11-12:30	Block 115
DPST1013	T13A	TUT	18	18	Fri 10:30-12	Block 111
COMP9153	M12A	TUT	0	20	Mon 12-14	Ainswth101
COMP2511	H15B	LAB	25	25	Thu 16-18	FluteME303
COMP1511	H18A	LAB	19	24	Thu 19-21	Online
DPGE1001	M11B	TUT	0	18	Thu 09-11	Block 217
COMP9900	H11B	LAB	20	20	Thu 11-13	LyreK17G12
DPGE1002	F12A	TUT	19	18	Fri 12-14	Block 217
COMP9417	W19A	TUT	1	25	Wed 19-20	Col LG01
COMP2521	F12B	TUT	22	22	Fri 12-13	Quad G052
ENGG1811	W16A	LAB	24	24	Wed 16-18	BongoK17G7
COMP9417	T17A	TUT	11	25	Tue 17-18	H13-W M010
COMP9044	T15B	LAB	0	30	Tue 16-18	StringsME3
DPST1013	H13A	TUT	4	19	Thu 13-14:30	Block 118
COMP9313	H11A	LAB	13	30	Thu 11-13	H13-E 2063
COMP1521	T15A	LAB	24	24	Tue 16-18	BongoK17G7
COMP3511	T16A	LAB	19	19	Tue 17-18	Online
COMP1511	F13A	LAB	24	24	Fri 14-16	KoraME307
COMP9444	M17A	TUT	16	24	Mon 17-18	Gold G05
COMP9414	W11A	TUT	24	25	Wed 11-13	Quad G046
COMP6733	T14A	LAB	10	20	Tue 14-18	LyreK17G12
COMP9101	H15B	TUT	5	35	Thu 15-16	Online
COMP9153	M14A	TUT	3	20	Mon 14-16	Quad G025
COMP3331	H18A	LAB	15	20	Thu 18-20	Online
COMP2041	F13A	TUT	29	30	Fri 13-14	Gold G02
DPGE1002	T10A	TUT	19	18	Tue 10-12	Block 115
COMP1511	T16A	LAB	22	24	Tue 17-19	ElecEng108
DPGE1001	T11A	TUT	19	19	Thu 15:30-17:30	Block 218
COMP9044	H17B	TUT	4	30	Thu 17-18	Online
DPBS1190	W13A	TUT	15	18	Wed 13-14:30	Block 212
DPHU1003	H11A	SEM	27	70	Thu 11:30-12:30	Online
DPHU1002	T14A	TUT	6	19	Tue 14:30-17	Block 116
DPST1013	W09A	TUT	18	18	Wed 09:30-11	Block 214
COMP9444	T16A	TUT	21	24	Tue 16-17	Webst 252
COMP2521	T16B	LAB	22	22	Tue 17-19	SitarME306
COMP2041	W17A	LAB	18	30	Wed 18-20	BrassME305
COMP9444	M16A	TUT	18	24	Mon 16-17	Webst 252
DPST1021	T09A	TUT	0	18	Tue 09-10	Block 203
DPGE1002	M15A	TUT	18	18	Mon 15:30-17:30	Block 217
COMP9313	W16B	LAB	13	30	Wed 16-18	AinswthG02
COMP9044	F11A	TUT	4	30	Fri 11-12	Quad 1047
COMP9044	M17B	TUT	8	24	Mon 17-18	AGSM LG06
COMP3331	T12B	LAB	19	20	Tue 12-14	ClavierPhU
COMP1511	H09A	TUT	24	24	Thu 09-10	Ainswth201
COMP2041	T13A	TUT	29	30	Tue 13-14	Quad 1048
DPBS1180	T09A	TUT	16	18	Tue 09-10:30	Block 110
COMP9044	W15A	LAB	2	30	Wed 16-18	BrassME305
COMP2511	H11A	TUT	25	25	Thu 11-12	H13-W 4037
COMP9044	T11A	TUT	1	30	Tue 11-12	Gold G02
COMP1521	M18C	LAB	23	24	Mon 19-21	SitarME306
DPST1023	T09A	TUT	0	18	Fri 15:30-16:30	Block 114
DPST1072	T14A	LAB	15	18	Tue 14-15	UTL 214A-1
DPHU1004	M17A	SEM	37	45	Mon 17-18	Online
DPST1024	M16B	LAB	2	5	Mon 16-18	Online
COMP9311	M16B	TLB	20	20	Mon 16-18	BongoK17G7
COMP1521	W11B	TUT	24	24	Wed 11-12	Quad 1048
COMP9044	T11B	TUT	2	30	Tue 11-12	Quad 1048
COMP1531	M17E	LAB	24	24	Mon 18-20	FluteME303
COMP9312	T19A	TUT	9	24	Tue 19:30-21	Webst 252
COMP9044	T13A	TUT	1	30	Tue 13-14	Quad 1048
COMP9417	W16A	TUT	14	25	Wed 16-17	Webst 251
COMP6445	W14A	LAB	10	20	Wed 14-16	CybSK17G11
COMP9044	T09A	LAB	10	30	Tue 10-12	BrassME305
COMP2511	F14B	TUT	25	25	Fri 14-15	Col LG01
COMP3121	W11A	TUT	30	30	Wed 11-12	Mat 106
COMP1521	M18B	LAB	24	24	Mon 19-21	KoraME307
DPGE1003	T14A	TUT	19	19	Tue 14:30-16:30	Block 117
COMP9044	W13A	LAB	4	30	Wed 14-16	Online
COMP9417	F10A	TUT	13	25	Fri 10-11	Quad G053
DPST1072	M16A	TUT	10	18	Thu 16-17:30	Block 214
COMP9044	M17A	LAB	9	30	Mon 18-20	StringsME3
DPST1013	M11B	TUT	16	18	Thu 15-16:30	Block 113
COMP9417	W12A	TUT	6	25	Wed 12-13	BUS 130
COMP1511	T14A	LAB	21	24	Tue 15-17	ElecEng108
COMP9417	W12A	TUT	19	25	Wed 12-13	BUS 130
DPST1061	T13B	LAB	3	6	Tue 13-14	Online
COMP9511	H14A	TUT	19	19	Thu 14-15	CHIK17G13
DPGE1001	M10A	TUT	19	19	Thu 13:30-15:30	Block 115
COMP9444	W18A	TUT	3	24	Wed 18-19	Online
DPST1013	M09A	TUT	16	18	Thu 11-12:30	Block 215
DPST1022	W17A	TUT	8	18	Fri 13-14	Block 214
DPBS1140	M11A	TUT	17	18	Mon 11-12:30	Block 111
COMP9444	H13A	TUT	15	24	Thu 13-14	Gold G05
COMP2521	W17B	TUT	22	22	Wed 17-18	Online
COMP1511	F09A	TUT	24	24	Fri 09-10	Quad G047
COMP3121	H15A	TUT	30	30	Thu 15-16	H13-E 1040
COMP1511	H17B	TUT	22	24	Thu 17-18	Webst 252
COMP1531	T13B	TUT	24	24	Tue 13-14	Gold G01
DPHU1008	W11A	TUT	14	18	Wed 11-13:30	Block 107
DPBS1170	M13A	TUT	16	18	Mon 13-14:30	Block 107
COMP2511	H17A	LAB	25	25	Thu 18-20	FluteME303
COMP9313	T18A	LAB	14	30	Tue 18-20	Online
COMP1511	H09B	TUT	24	24	Thu 09-10	Quad 1048
COMP9417	T16A	TUT	11	25	Tue 16-17	H13-W M010
COMP2521	H15A	TUT	22	22	Thu 15-16	Quad G042
COMP3900	W16B	LAB	20	20	Wed 16-18	Online
DPST1092	T14B	TUT	15	18	Thu 12-13	Block 113
COMP2511	M18B	LAB	24	25	Mon 19-21	TablaK17G7
COMP9312	H17A	TUT	18	24	Thu 17:30-19	Quad G054
COMP3900	F18B	LAB	20	20	Fri 18-20	Online
DPHU1006	W11A	TUT	14	18	Wed 11-13:30	Block 114
COMP1531	W13A	LAB	24	24	Wed 14-16	KoraME307
COMP9101	H12B	TUT	3	30	Thu 12-13	Mat 230
COMP9313	H16B	LAB	6	30	Thu 16-18	Online
COMP9312	W09A	TUT	7	24	Wed 09-10:30	Lib 176A
DPST1022	M16A	LAB	15	21	Mon 16-18	OMB 112
COMP9153	W12A	TUT	9	20	Wed 12-14	Quad G042
COMP9044	F09A	LAB	10	30	Fri 10-12	BrassME305
COMP9101	W16B	TUT	6	30	Wed 16-17	Mat 226
DPST1014	M11A	TUT	18	19	Fri 16-17:30	Block 210
COMP9331	F12A	LAB	10	20	Fri 12-14	OrganPhysU
COMP1531	T09A	LAB	24	24	Tue 10-12	FluteME303
COMP1511	W17A	LAB	24	24	Wed 18-20	KoraME307
DPGE1002	T09C	TUT	19	19	Tue 09-11	Block 217
COMP9312	W09A	TUT	16	24	Wed 09-10:30	Lib 176A
DPBS1150	T14A	TUT	15	19	Fri 13-14:30	Block 216
DPGE1001	M09B	TUT	19	19	Thu 13:30-15:30	Block 217
COMP9331	M14B	LAB	7	20	Mon 14-16	Online
COMP1511	W18B	TUT	20	24	Wed 18-19	Online
COMP3331	F12B	LAB	15	20	Fri 12-14	ClavierPhU
DPST1023	T17A	TUT	1	18	Tue 17-18	Block 105
COMP9444	M17A	TUT	7	24	Mon 17-18	Gold G05
COMP1521	M18B	TUT	24	24	Mon 18-19	Ainswth201
COMP2521	T12B	TUT	22	22	Tue 12-13	Quad 1048
COMP9511	H16A	TUT	18	19	Thu 16-17	CHIK17G13
COMP1511	T15A	TUT	24	24	Tue 15-16	Online
COMP1911	W13A	TUT	0	25	Wed 13-14	Online
DPHU1005	F09A	TUT	17	18	Fri 09-12	Block 213
DPST1092	W09A	TUT	15	18	Fri 14-15	Block 105
COMP3121	W12A	TUT	30	30	Wed 12-13	Law 162
COMP9331	W18A	LAB	1	20	Wed 18-20	Online
COMP1511	W17A	TUT	24	24	Wed 17-18	Ainswth201
COMP9417	T16A	TUT	13	25	Tue 16-17	H13-W M010
COMP9313	T16A	LAB	13	30	Tue 16-18	Ainswth202
COMP2041	M17B	LAB	13	24	Mon 18-20	BongoK17G7
COMP1511	F13B	TUT	24	24	Fri 13-14	Quad 1046
COMP1511	H15B	TUT	24	24	Thu 15-16	Gold G05
DPGE1002	T09A	TUT	19	18	Tue 09-11	Block 116
COMP9313	W18A	LAB	10	30	Wed 18-20	Online
DPST1013	M11A	TUT	17	18	Fri 09-10:30	Block 110
COMP1511	H17A	TUT	24	24	Thu 17-18	Webst 251
DPST1021	T11A	TUT	16	18	Tue 11:30-12:30	Block 206
DPST1092	H10A	LAB	15	24	Thu 10-12	SEB B25
COMP9154	M11A	TUT	5	20	Mon 11-12	Quad G054
DPST1091	T12A	TUT	15	18	Tue 12-13	Block 110
COMP3511	T10A	LAB	19	19	Tue 11-12	CHIK17G13
DPDE1005	T10A	SEM	29	36	Tue 10-11	Sqhouse115
DPBS1110	M15B	TUT	19	19	Thu 14:30-16	Block 207
COMP9414	F11B	TUT	25	25	Fri 11-13	Quad G045
COMP3331	F16A	LAB	8	20	Fri 16-18	OrganPhysU
COMP9511	H14A	LAB	19	19	Thu 15-16	CHIK17G13
DPBS1110	M11A	TUT	19	19	Tue 14:30-16	Block 212
COMP2511	H13B	LAB	25	25	Thu 14-16	StringsME3
COMP1911	W13A	LAB	0	25	Wed 14-16	Online
DPBS1110	T10A	TUT	17	18	Thu 14:30-16	Block 111
DPGE1001	M09A	TUT	20	19	Mon 09-11	Block 217
COMP2041	F09A	TUT	19	30	Fri 09-10	Gold G02
COMP1511	H11A	TUT	24	24	Thu 11-12	Quad 1048
COMP2041	W11B	TUT	26	30	Wed 11-12	Online
COMP1521	T15A	TUT	24	24	Tue 15-16	Gold G02
DPST1014	T11A	TUT	18	18	Fri 12-13:30	Block 203
DPBS1180	H10A	TUT	19	19	Thu 10-11:30	Block 212
DPGE1001	W14A	TUT	19	19	Thu 11-13	Block 114
DPGE1002	T16A	TUT	16	18	Tue 16-18	Block 217
COMP9900	H16A	LAB	20	20	Thu 16-18	LyreK17G12
COMP1521	T17B	TUT	19	24	Tue 17-18	Online
COMP2511	M18B	TUT	24	25	Mon 18-19	Quad 1048
DPDE1003	F09B	TUT	15	18	Fri 09-11:30	Block 123
COMP9417	T15A	TUT	10	25	Tue 15-16	SEB B27
COMP3121	W11B	TUT	30	30	Wed 11-12	SEB B25
DPBS1180	T15A	TUT	15	18	Tue 15:30-17	Block 110
DPBS1150	M10A	TUT	12	19	Fri 12-13:30	Block 114
COMP2511	T17B	TUT	25	25	Tue 17-18	Col LG01
COMP2041	T11A	TUT	29	30	Tue 11-12	Gold G02
COMP9101	T15A	TUT	6	30	Tue 15-16	Biosci G07
COMP9313	H11B	LAB	15	30	Thu 11-13	H13-E 2060
COMP2521	T12A	TUT	22	22	Tue 12-13	Quad 1047
DPHU1002	T09A	TUT	16	18	Tue 09-11:30	Block 206
DPGE1001	M16A	TUT	17	18	Wed 11:30-13:30	Block 122
COMP1511	H09A	LAB	24	24	Thu 10-12	KoraME307
DPST1013	T09A	TUT	19	18	Tue 09-10:30	Block 213
COMP1511	W11B	TUT	24	24	Wed 11-12	Ainswth201
DPST1072	M16A	TUT	10	18	Mon 16-17:30	Block 214
DPST1014	T09B	TUT	19	19	Tue 09-10:30	Block 111
DPST1072	T11A	TUT	12	18	Fri 15:30-17	Block 212
COMP2041	T09B	LAB	26	30	Tue 10-12	StringsME3
COMP2041	H17A	LAB	14	30	Thu 18-20	BrassME305
DPGE1001	M11A	TUT	18	19	Wed 09-11	Block 114
DPST1052	M10B	LAB	6	8	Mon 10-13	Online
COMP2511	H09A	TUT	25	25	Thu 09-10	Col LG01
COMP1531	T13A	LAB	24	24	Tue 14-16	Oboe ME304
COMP1531	W14B	LAB	24	24	Wed 15-17	FluteME303
COMP1531	W12D	TUT	21	24	Wed 12-13	Online
COMP9417	W11A	TUT	16	25	Wed 11-12	Quad 1047
COMP9044	F13A	TUT	1	30	Fri 13-14	Gold G02
COMP1511	H18B	TUT	20	24	Thu 18-19	Online
COMP9044	F11B	TUT	1	30	Fri 11-12	Quad 1048
DPGE1001	M11C	TUT	16	18	Tue 11-13	Block 218
DPST1072	T15A	LAB	12	18	Tue 15-16	UTL 214A-1
DPGE1003	F11A	TUT	19	19	Fri 11:30-13:30	Block 118
ENGG1811	T11A	LAB	24	24	Tue 11-13	KoraME307
COMP1531	T15A	LAB	21	24	Tue 16-18	Oboe ME304
COMP2511	W16A	LAB	25	25	Wed 17-19	Online
COMP1531	H09B	TUT	24	24	Thu 09-10	Quad 1045
COMP2521	W11C	LAB	22	22	Wed 12-14	BrassME305
COMP1511	T17A	TUT	23	24	Tue 17-18	Gold G05
COMP1531	W16A	LAB	23	24	Wed 17-19	Oboe ME304
COMP2041	F11A	LAB	26	30	Fri 12-14	BrassME305
DPBS1190	W13A	TUT	15	18	Fri 15-16:30	Block 216
COMP9417	F11A	TUT	8	25	Fri 11-12	Quad G053
COMP9417	W18A	TUT	13	25	Wed 18-19	Col LG01
COMP9414	W16B	TUT	22	25	Wed 16-18	Online
COMP1911	M14C	LAB	25	25	Mon 15-17	Oboe ME304
COMP2041	F11A	TUT	26	30	Fri 11-12	Quad 1047
DPBS1190	H16A	TUT	19	19	Fri 10-11:30	Block 216
COMP3900	H14A	LAB	20	20	Thu 14-16	OrganPhysU
DPST1014	T09B	TUT	19	19	Fri 09-10:30	Block 111
COMP2521	H09A	LAB	21	22	Thu 10-12	BongoK17G7
DPBS1140	W16A	TUT	19	19	Fri 10-11:30	Block 118
DPST1031	T14B	LAB	8	11	Tue 14-17	Online
COMP9044	T15B	TUT	0	30	Tue 15-16	Quad G047
COMP3331	M14B	LAB	13	20	Mon 14-16	Online
DPGE1001	M09A	TUT	20	19	Fri 12-14	Block 219
COMP2041	W09B	LAB	26	30	Wed 10-12	BrassME305
COMP9044	T09A	TUT	10	30	Tue 09-10	Gold G02
COMP2511	W16B	LAB	25	25	Wed 17-19	Online
COMP9331	T10B	LAB	8	20	Tue 10-12	ClavierPhU
COMP9044	W11B	TUT	4	30	Wed 11-12	Online
DPDE1003	F09A	TUT	16	18	Fri 09-11:30	Block 214
DPST1022	M16B	LAB	3	7	Mon 16-18	Online
DPHU1001	T15A	TUT	20	19	Tue 15-17:30	Block 215
DPGE1001	M11B	TUT	0	18	Wed 11:30-13:30	Block 217
COMP9312	W17A	TUT	9	24	Wed 17:30-19	Quad G054
DPBS1100	T13B	TUT	19	19	Tue 13-14:30	Block 122
DPST1052	W13A	TUT	21	21	Thu 16-17	Block 215
COMP1511	T17B	TUT	23	24	Tue 17-18	Gold G07
COMP1511	F15B	LAB	24	24	Fri 16-18	SitarME306
COMP9444	H12A	TUT	8	24	Thu 12-13	Gold G05
COMP1531	M17F	TUT	24	24	Mon 17-18	Ainswth201
COMP2521	F12A	LAB	22	22	Fri 13-15	BongoK17G7
DPST1021	M11A	LAB	43	44	Mon 11-13	OMB 112
COMP1531	T09B	TUT	24	24	Tue 09-10	Quad G046
DPGE1002	W12A	TUT	19	19	Wed 12-14	Block 116
DPST1092	T14B	TUT	15	18	Tue 14-15	Block 110
COMP6845	W16A	LAB	0	20	Wed 16-18	CybSK17G11
COMP9311	W15A	TLB	20	20	Wed 15-17	Online
COMP3331	M14A	LAB	4	20	Mon 14-16	OrganPhysU
COMP2521	T14B	LAB	22	22	Tue 15-17	SitarME306
COMP2041	F11B	TUT	28	30	Fri 11-12	Quad 1048
COMP3511	T16B	TUT	19	19	Tue 16-17	CHIK17G13
COMP1531	H09A	LAB	24	24	Thu 10-12	Oboe ME304
DPBS1100	W15A	TUT	19	20	Wed 15:30-17	Block 218
COMP1531	W16A	TUT	23	24	Wed 16-17	Quad G052
COMP1531	T17A	TUT	24	24	Tue 17-18	Quad G054
COMP9511	F12A	LAB	16	19	Fri 13-14	CHIK17G13
COMP2521	T18A	LAB	22	22	Tue 19-21	KoraME307
COMP2521	W09C	TUT	22	22	Wed 09-10	Webst 251
DPHU1004	T09A	TUT	4	18	Tue 09-11:30	Block 107
COMP9311	T12A	TLB	19	20	Tue 12-14	Online
COMP1511	H15C	LAB	24	24	Thu 16-18	SitarME306
DPBS1170	T09A	TUT	15	18	Tue 09-10:30	Block 122
COMP9331	T14B	LAB	13	20	Tue 14-16	ClavierPhU
COMP9044	M15A	LAB	10	30	Mon 16-18	StringsME3
COMP1521	M18A	LAB	22	24	Mon 19-21	Online
COMP2041	T09A	TUT	20	30	Tue 09-10	Gold G02
COMP3331	M16A	LAB	5	20	Mon 16-18	OrganPhysU
DPST1051	M14B	LAB	11	15	Mon 14-17	Online
DPST1021	W16A	TUT	15	18	Wed 16-17	Block 115
COMP2521	W15C	TUT	22	22	Wed 15-16	Quad G040
COMP6452	T09A	TUT	8	29	Tue 09-11	Quad 1045
COMP3900	H18C	LAB	18	20	Thu 18-20	Online
DPBS1170	M13A	TUT	16	18	Tue 14-15:30	Block 217
COMP2511	H11A	LAB	25	25	Thu 12-14	BrassME305
COMP9154	T17A	TUT	6	20	Tue 17-18	Online
DPBS1140	M11B	TUT	18	18	Mon 11-12:30	Block 219
DPBS1140	M11B	TUT	18	18	Thu 09-10:30	Block 113
DPBS1100	W14A	TUT	20	19	Wed 14-15:30	Block 217
COMP3511	H10A	TUT	18	19	Thu 10-11	CHIK17G13
COMP1531	W12B	LAB	24	24	Wed 13-15	Oboe ME304
COMP3511	F16A	TUT	19	19	Fri 16-17	Online
COMP9417	F11A	TUT	17	25	Fri 11-12	Quad G053
DPST1052	W13A	TUT	21	21	Wed 13-14	Block 214
DPGE1001	M10B	TUT	19	19	Fri 10-12	Block 125
COMP9044	T11A	LAB	1	30	Tue 12-14	BrassME305
ENGG1811	W16B	LAB	24	24	Wed 16-18	Online
DPST1061	T10A	TUT	17	20	Thu 13-14	Block 116
COMP9417	T13B	TUT	11	25	Tue 13-14	Webst 302
DPST1023	T17A	TUT	1	18	Fri 13:30-14:30	Block 203
DPBS1110	M15A	TUT	20	20	Thu 11:30-13	Block 118
DPBS1100	W14A	TUT	20	19	Fri 11-12:30	Block 209
COMP9417	W11A	TUT	9	25	Wed 11-12	Quad 1047
COMP2041	M17A	TUT	16	30	Mon 17-18	AinswthG01
DPGE1002	M16B	TUT	19	19	Mon 16-18	Block 219
COMP9417	W18A	TUT	6	25	Wed 18-19	Col LG01
DPST1072	M16B	TUT	0	18	Thu 16-17:30	Block 105
COMP1511	W16D	TUT	24	24	Wed 16-17	CivEng 701
COMP2511	H17C	LAB	25	25	Thu 18-20	TablaK17G7
DPST1051	W10A	TUT	14	18	Wed 10-11	Block 107
DPBS1110	T10A	TUT	17	18	Tue 10:30-12	Block 207
DPBS1120	T14B	TUT	18	20	Tue 14:30-17:30	Block 113
DPDE1006	T16A	SEM	31	36	Tue 16:30-17:30	AinswthG02
COMP9044	M15B	LAB	25	30	Mon 16-18	BrassME305
COMP9044	W15B	TUT	8	30	Wed 15-16	Online
COMP9444	W15B	TUT	6	24	Wed 15-16	Gold G05
DPBS1170	W14A	TUT	7	18	Thu 10-11:30	Block 207
COMP3900	W09A	LAB	18	20	Wed 09-11	OrganPhysU
COMP1511	T17A	LAB	23	24	Tue 18-20	BongoK17G7
COMP2041	F13A	LAB	29	30	Fri 14-16	BrassME305
DPDE1003	M09A	SEM	31	36	Mon 09-10	OMB 230
COMP9444	T18B	TUT	8	24	Tue 18-19	Gold G05
DPGE1002	H16A	TUT	18	19	Thu 16-18	Block 115
DPBS1140	M16A	TUT	20	20	Mon 16:30-18	Block 213
COMP1911	W11A	LAB	0	25	Wed 12-14	Online
COMP9444	W13A	TUT	15	24	Wed 13-14	Webst 252
COMP6445	W19A	LAB	1	10	Wed 19-21	Online
COMP9044	W09B	LAB	4	30	Wed 10-12	BrassME305
COMP9417	T14B	TUT	13	25	Tue 14-15	Webst 302
DPST1021	W16A	TUT	15	18	Thu 16:30-17:30	Block 209
DPST1014	M16A	TUT	17	19	Mon 16-17:30	Block 111
COMP2041	T15A	TUT	27	30	Tue 15-16	Quad G026
COMP2041	W15A	LAB	28	30	Wed 16-18	BrassME305
DPGE1001	T11A	TUT	19	19	Tue 11:30-13:30	Block 217
COMP2511	F14B	LAB	25	25	Fri 15-17	FluteME303
COMP2521	H15B	TUT	22	22	Thu 15-16	Quad 1042
COMP1521	M12C	TUT	24	24	Mon 12-13	Webst 250
COMP9414	F14B	TUT	23	25	Fri 14-16	Quad G031
COMP6845	H18A	LAB	6	20	Thu 18-20	CybSK17G11
COMP9313	H16A	LAB	13	30	Thu 16-18	Online
DPST1091	T15B	TUT	15	18	Tue 15-16	Block 203
COMP3151	T13A	TUT	12	20	Tue 13-14	Quad G048
COMP1511	W09C	TUT	24	24	Wed 09-10	Quad G040
COMP1521	T13B	TUT	24	24	Tue 13-14	Quad G054
COMP9044	T11B	LAB	2	30	Tue 12-14	StringsME3
DPGE1001	T13A	TUT	19	19	Fri 13:30-15:30	Block 209
COMP9101	W15A	TUT	8	35	Wed 15-16	Online
COMP6452	T11A	TUT	11	25	Tue 11-13	Quad 1045
DPBS1150	T11A	TUT	20	19	Fri 09-10:30	Block 113
COMP1911	M14B	LAB	25	25	Mon 15-17	Online
COMP6733	T14A	LAB	9	20	Tue 14-18	LyreK17G12
COMP9101	H16B	TUT	8	35	Thu 16-17	Online
COMP3511	F14A	TUT	19	19	Fri 14-15	CHIK17G13
DPGE1001	M16A	TUT	17	18	Thu 14-16	Block 124
